book,index
Бытие,1
Исход,2
Левит,3
Числа,4
Втор.,5
Нав.,6
Судей,7
Руфь,8
1Цар.,9
2Цар.,10
3Цар.,11
4Цар.,12
1Пар.,13
2Пар.,14
Ездра,15
Неемия,16
Есфирь,17
Иов,18
Пс.,19
Прит.,20
Еккл.,21
Песн.,22
Исаия,23
Иер.,24
Пл.Иер.,25
Иез.,26
Дан.,27
Осия,28
Иоиль,29
Амос,30
Авдий,31
Иона,32
Михей,33
Наум,34
Аввакум,35
Софония,36
Аггей,37
Зах.,38
Малахия,39
Матфея,40
Марка,41
Луки,42
Иоанна,43
Деяния,44
Иакова,45
1Петра,46
2Петра,47
1Иоанна,48
2Иоанна,49
3Иоанна,50
Иуды,51
Рим.,52
1Кор.,53
2Кор.,54
Гал.,55
Еф.,56
Флп.,57
Кол.,58
1Фес.,59
2Фес.,60
1Тим.,61
2Тим.,62
Титу,63
Филимону,64
Евреям,65
Откр.,66