old,new,ps,pr
Бытие 1:1-2:25,Матфея 1:1-2:12,Пс. 1:1-6,Прит. 1:1-6
Бытие 3:1-4:26,Матфея 2:13-3:6,Пс. 2:1-12,Прит. 1:7-9
Бытие 5:1-7:24,Матфея 3:7-4:11,Пс. 3:1-9,Прит. 1:10-19
Бытие 8:1-10:32,Матфея 4:12-25,Пс. 4:1-9,Прит. 1:20-23
Бытие 11:1-13:4,Матфея 5:1-26,Пс. 5:1-13,Прит. 1:24-28
Бытие 13:5-15:21,Матфея 5:27-48,Пс. 6:1-11,Прит. 1:29-33
Бытие 16:1-18:15,Матфея 6:1-24,Пс. 7:1-18,Прит. 2:1-5
Бытие 18:16-19:38,Матфея 6:25-7:14,Пс. 8:1-10,Прит. 2:6-15
Бытие 20:1-22:24,Матфея 7:15-29,Пс. 9:1-12,Прит. 2:16-22
Бытие 23:1-24:51,Матфея 8:1-17,Пс. 9:13-20,Прит. 3:1-6
Бытие 24:52-26:16,Матфея 8:18-34,Пс. 9:21-36,Прит. 3:7-8
Бытие 26:17-27:46,Матфея 9:1-17,Пс. 9:37-39,Прит. 3:9-10
Бытие 28:1-29:35,Матфея 9:18-38,Пс. 10:1-7,Прит. 3:11-12
Бытие 30:1-31:16,Матфея 10:1-23,Пс. 11:1-9,Прит. 3:13-15
Бытие 31:17-32:12,Матфея 10:24-11:6,Пс. 12:1-6,Прит. 3:16-18
Бытие 32:13-34:31,Матфея 11:7-30,Пс. 13:1-7,Прит. 3:19-20
Бытие 35:1-36:43,Матфея 12:1-21,Пс. 14:1-5,Прит. 3:21-26
Бытие 37:1-38:30,Матфея 12:22-45,Пс. 15:1-11,Прит. 3:27-32
Бытие 39:1-41:16,Матфея 12:46-13:23,Пс. 16:1-15,Прит. 3:33-35
Бытие 41:17-42:17,Матфея 13:24-46,Пс. 17:1-15,Прит. 4:1-6
Бытие 42:18-43:34,Матфея 13:47-14:12,Пс. 17:16-36,Прит. 4:7-10
Бытие 44:1-45:28,Матфея 14:13-36,Пс. 17:37-50,Прит. 4:11-13
Бытие 46:1-47:31,Матфея 15:1-28,Пс. 18:1-14,Прит. 4:14-19
Бытие 48:1-49:33,Матфея 15:29-16:12,Пс. 19:1-9,Прит. 4:20-27
Бытие 50:1-Исход 2:10,Матфея 16:13-17:9,Пс. 20:1-14,Прит. 5:1-6
Исход 2:11-3:22,Матфея 17:10-27,Пс. 21:1-18,Прит. 5:7-14
Исход 4:1-5:21,Матфея 18:1-20,Пс. 21:19-32,Прит. 5:15-21
Исход 5:22-7:25,Матфея 18:21-19:12,Пс. 22:1-6,Прит. 5:22-23
Исход 8:1-9:35,Матфея 19:13-30,Пс. 23:1-10,Прит. 6:1-5
Исход 10:1-12:13,Матфея 20:1-28,Пс. 24:1-15,Прит. 6:6-11
Исход 12:14-13:16,Матфея 20:29-21:22,Пс. 24:16-22,Прит. 6:12-15
Исход 13:17-15:18,Матфея 21:23-46,Пс. 25:1-12,Прит. 6:16-19
Исход 15:19-17:7,Матфея 22:1-33,Пс. 26:1-6,Прит. 6:20-26
Исход 17:8-19:15,Матфея 22:34-23:12,Пс. 26:7-14,Прит. 6:27-35
Исход 19:16-21:21,Матфея 23:13-39,Пс. 27:1-9,Прит. 7:1-5
Исход 21:22-23:13,Матфея 24:1-28,Пс. 28:1-11,Прит. 7:6-23
Исход 23:14-25:40,Матфея 24:29-51,Пс. 29:1-13,Прит. 7:24-27
Исход 26:1-27:21,Матфея 25:1-30,Пс. 30:1-8,Прит. 8:1-11
Исход 28:1-43,Матфея 25:31-26:13,Пс. 30:9-18,Прит. 8:12-13
Исход 29:1-30:10,Матфея 26:14-46,Пс. 30:19-25,Прит. 8:14-26
Исход 30:11-31:18,Матфея 26:47-68,Пс. 31:1-11,Прит. 8:27-32
Исход 32:1-33:23,Матфея 26:69-27:14,Пс. 32:1-11,Прит. 8:33-36
Исход 34:1-35:9,Матфея 27:15-31,Пс. 32:12-22,Прит. 9:1-6
Исход 35:10-36:38,Матфея 27:32-66,Пс. 33:1-10,Прит. 9:7-8
Исход 37:1-38:31,Матфея 28:1-20,Пс. 33:11-22,Прит. 9:9-10
Исход 39:1-40:38,Марка 1:1-28,Пс. 34:1-16,Прит. 9:11-12
Левит 1:1-3:17,Марка 1:29-2:12,Пс. 34:17-28,Прит. 9:13-18
Левит 4:1-5:19,Марка 2:13-3:6,Пс. 35:1-13,Прит. 10:1-2
Левит 6:1-7:27,Марка 3:7-30,Пс. 36:1-11,Прит. 10:3-4
Левит 7:28-9:6,Марка 3:31-4:25,Пс. 36:12-29,Прит. 10:5
Левит 9:7-10:20,Марка 4:26-5:20,Пс. 36:30-40,Прит. 10:6-7
Левит 11:1-12:8,Марка 5:21-43,Пс. 37:1-22,Прит. 10:8-9
Левит 13:1-59,Марка 6:1-29,Пс. 38:1-14,Прит. 10:10
Левит 14:1-56,Марка 6:30-56,Пс. 39:1-11,Прит. 10:11-12
Левит 15:1-16:28,Марка 7:1-23,Пс. 39:12-17,Прит. 10:13-14
Левит 16:29-18:30,Марка 7:24-8:10,Пс. 40:1-14,Прит. 10:15-16
Левит 19:1-20:21,Марка 8:11-38,Пс. 41:1-11,Прит. 10:17
Левит 20:22-22:16,Марка 9:1-29,Пс. 42:1-5,Прит. 10:18
Левит 22:17-23:44,Марка 9:30-10:12,Пс. 43:1-9,Прит. 10:19
Левит 24:1-25:46,Марка 10:13-31,Пс. 43:10-26,Прит. 10:20-21
Левит 25:47-27:13,Марка 10:32-52,Пс. 44:1-18,Прит. 10:22
Левит 27:14-Числа 1:54,Марка 11:1-26,Пс. 45:1-12,Прит. 10:23
Числа 2:1-3:51,Марка 11:27-12:17,Пс. 46:1-10,Прит. 10:24-25
Числа 4:1-5:31,Марка 12:18-37,Пс. 48:1-15,Прит. 10:26
Числа 6:1-7:89,Марка 12:38-13:13,Пс. 48:1-21,Прит. 10:27-28
Числа 8:1-9:23,Марка 13:14-37,Пс. 49:1-23,Прит. 10:29-30
Числа 10:1-11:23,Марка 14:1-21,Пс. 50:1-21,Прит. 10:31-32
Числа 11:24-13:33,Марка 14:22-52,Пс. 51:1-11,Прит. 11:1-3
Числа 14:1-15:16,Марка 14:53-72,Пс. 52:1-7,Прит. 11:4
Числа 15:17-16:40,Марка 15:1-47,Пс. 53:1-9,Прит. 11:5-6
Числа 16:41-18:32,Марка 16:1-20,Пс. 54:1-24,Прит. 11:7
Числа 19:1-20:29,Луки 1:1-25,Пс. 55:1-14,Прит. 11:8
Числа 21:1-22:20,Луки 1:26-56,Пс. 56:1-12,Прит. 11:9-11
Числа 22:21-23:30,Луки 1:57-80,Пс. 57:1-12,Прит. 11:12-13
Числа 24:1-25:18,Луки 2:1-35,Пс. 58:1-18,Прит. 11:14
Числа 26:1-51,Луки 2:36-52,Пс. 59:1-14,Прит. 11:15
Числа 26:52-28:15,Луки 3:1-22,Пс. 60:1-9,Прит. 11:16-17
Числа 28:16-29:40,Луки 3:23-38,Пс. 61:1-13,Прит. 11:18-19
Числа 30:1-31:54,Луки 4:1-30,Пс. 62:1-12,Прит. 11:20-21
Числа 32:1-33:39,Луки 4:31-5:11,Пс. 63:1-11,Прит. 11:22
Числа 33:40-35:34,Луки 5:12-28,Пс. 64:1-14,Прит. 11:23
Числа 36:1-Втор. 1:46,Луки 5:29-6:11,Пс. 65:1-20,Прит. 11:24-26
Втор. 2:1-3:29,Луки 6:12-38,Пс. 66:1-8,Прит. 11:27
Втор. 4:1-49,Луки 6:39-7:10,Пс. 67:1-19,Прит. 11:28
Втор. 5:1-6:25,Луки 7:11-35,Пс. 68:20-36,Прит. 11:29-31
Втор. 7:1-8:20,Луки 7:36-8:3,Пс. 68:1-19,Прит. 12:1
Втор. 9:1-10:22,Луки 8:4-21,Пс. 68:20-37,Прит. 12:2-3
Втор. 11:1-12:32,Луки 8:22-39,Пс. 69:1-6,Прит. 12:4
Втор. 13:1-15:23,Луки 8:40-9:6,Пс. 70:1-24,Прит. 12:5-7
Втор. 16:1-17:20,Луки 9:7-27,Пс. 72:1-20,Прит. 12:8-9
Втор. 18:1-20:20,Луки 9:28-50,Пс. 72:1-28,Прит. 12:10
Втор. 21:1-22:30,Луки 9:51-10:12,Пс. 73:1-23,Прит. 12:11
Втор. 23:1-25:19,Луки 10:13-37,Пс. 74:1-11,Прит. 12:12-14
Втор. 26:1-27:26,Луки 10:38-11:13,Пс. 75:1-13,Прит. 12:15-17
Втор. 28:1-68,Луки 11:14-36,Пс. 76:1-21,Прит. 12:18
Втор. 29:1-30:20,Луки 11:37-12:7,Пс. 77:1-31,Прит. 12:19-20
Втор. 31:1-32:27,Луки 12:8-34,Пс. 77:32-55,Прит. 12:21-23
Втор. 32:28-52,Луки 12:35-59,Пс. 77:56-64,Прит. 12:24
Втор. 33:1-29,Луки 13:1-21,Пс. 77:65-72,Прит. 12:25
Втор. 34:1-Нав. 2:24,Луки 13:22-14:6,Пс. 78:1-13,Прит. 12:26
Нав. 3:1-4:24,Луки 14:7-35,Пс. 79:1-20,Прит. 12:27-28
Нав. 5:1-7:15,Луки 15:1-32,Пс. 80:1-17,Прит. 13:01
Нав. 7:16-9:2,Луки 16:1-18,Пс. 81:1-8,Прит. 13:2-3
Нав. 9:3-10:43,Луки 16:19-17:10,Пс. 82:1-19,Прит. 13:4
Нав. 11:1-12:24,Луки 17:11-37,Пс. 83:1-13,Прит. 13:5-6
Нав. 13:1-14:15,Луки 18:1-17,Пс. 84:1-14,Прит. 13:7-8
Нав. 15:1-63,Луки 18:18-43,Пс. 86:1-17,Прит. 13:9-10
Нав. 16:1-18:28,Луки 19:1-27,Пс. 86:1-7,Прит. 13:11
Нав. 19:1-20:9,Луки 19:28-48,Пс. 87:1-19,Прит. 13:12-14
Нав. 21:1-22:20,Луки 20:1-26,Пс. 88:1-14,Прит. 13:15-16
Нав. 22:21-23:16,Луки 20:27-47,Пс. 88:15-38,Прит. 13:17-19
Нав. 24:1-33,Луки 21:1-28,Пс. 88:39-53,Прит. 13:20-23
Судей 1:1-2:9,Луки 21:29-22:13,Пс. 89:1-90:16,Прит. 13:24-25
Судей 2:10-3:31,Луки 22:14-34,Пс. 91:1-92:5,Прит. 14:1-2
Судей 4:1-5:31,Луки 22:35-53,Пс. 93:1-23,Прит. 14:3-4
Судей 6:1-40,Луки 22:54-23:12,Пс. 94:1-95:13,Прит. 14:5-6
Судей 7:1-8:17,Луки 23:13-43,Пс. 96:1-97:9,Прит. 14:7-8
Судей 8:18-9:21,Луки 23:44-24:12,Пс. 98:1-9,Прит. 14:9-10
Судей 9:22-10:18,Луки 24:13-53,Пс. 99:1-5,Прит. 14:11-12
Судей 11:1-12:15,Иоанна 1:1-28,Пс. 100:1-8,Прит. 14:13-14
Судей 13:1-14:20,Иоанна 1:29-51,Пс. 101:1-29,Прит. 14:15-16
Судей 15:1-16:31,Иоанна 2:1-25,Пс. 102:1-22,Прит. 14:17-19
Судей 17:1-18:31,Иоанна 3:1-21,Пс. 103:1-24,Прит. 14:20-21
Судей 19:1-20:48,Иоанна 3:22-4:3,Пс. 103:24-35,Прит. 14:22-23
Судей 21:1-Руфь 1:22,Иоанна 4:4-42,Пс. 104:1-15,Прит. 14:25
Руфь 2:1-4:22,Иоанна 4:43-54,Пс. 104:16-36,Прит. 14:26-27
1Цар. 1:1-2:21,Иоанна 5:1-23,Пс. 104:37-45,Прит. 14:28-29
1Цар. 2:22-4:22,Иоанна 5:24-47,Пс. 105:1-12,Прит. 14:30-31
1Цар. 5:1-7:17,Иоанна 6:1-21,Пс. 105:13-31,Прит. 14:32-33
1Цар. 8:1-9:27,Иоанна 6:22-42,Пс. 105:32-48,Прит. 14:34-35
1Цар. 10:1-11:15,Иоанна 6:43-71,Пс. 106:1-43,Прит. 15:1-3
1Цар. 12:1-13:23,Иоанна 7:1-30,Пс. 107:1-13,Прит. 15:4
1Цар. 14:1-52,Иоанна 7:31-53,Пс. 108:1-31,Прит. 15:5-7
1Цар. 15:1-16:23,Иоанна 8:1-20,Пс. 109:1-7,Прит. 15:8-10
1Цар. 17:1-18:4,Иоанна 8:21-30,Пс. 110:1-10,Прит. 15:11
1Цар. 18:5-19:24,Иоанна 8:31-59,Пс. 111:1-10,Прит. 15:12-14
1Цар. 20:1-21:15,Иоанна 9:1-41,Пс. 112:1-113:8,Прит. 15:15-17
1Цар. 22:1-23:29,Иоанна 10:1-21,Пс. 113:9-26,Прит. 15:18-19
1Цар. 24:1-25:44,Иоанна 10:22-42,Пс. 114:1-115:10,Прит. 15:20-21
1Цар. 26:1-28:25,Иоанна 11:1-54,Пс. 116:1-2,Прит. 15:22-23
1Цар. 29:1-31:13,Иоанна 11:55-12:19,Пс. 117:1-18,Прит. 15:24-26
2Цар. 1:1-2:11,Иоанна 12:20-50,Пс. 117:19-29,Прит. 15:27-28
2Цар. 2:12-3:39,Иоанна 13:1-30,Пс. 118:1-16,Прит. 15:29-30
2Цар. 4:1-6:23,Иоанна 13:31-14:14,Пс. 118:17-32,Прит. 15:31-32
2Цар. 7:1-8:18,Иоанна 14:15-31,Пс. 118:33-48,Прит. 15:33
2Цар. 9:1-11:27,Иоанна 15:1-27,Пс. 118:49-64,Прит. 16:1-3
2Цар. 12:1-31,Иоанна 16:1-33,Пс. 118:65-80,Прит. 16:4-5
2Цар. 13:1-39,Иоанна 17:1-26,Пс. 118:81-96,Прит. 16:6-7
2Цар. 14:1-15:22,Иоанна 18:1-24,Пс. 118:97-112,Прит. 16:8-9
2Цар. 15:23-16:23,Иоанна 18:25-19:22,Пс. 118:113-128,Прит. 16:10-11
2Цар. 17:1-29,Иоанна 19:23-42,Пс. 119:129-152,Прит. 16:12-13
2Цар. 18:1-19:10,Иоанна 20:1-31,Пс. 118:153-176,Прит. 16:14-15
2Цар. 19:11-20:13,Иоанна 21:1-25,Пс. 119:1-7,Прит. 16:16-17
2Цар. 20:14-21:22,Деяния 1:1-26,Пс. 120:1-8,Прит. 16:18
2Цар. 22:1-23:23,Деяния 2:1-47,Пс. 121:1-9,Прит. 16:19-20
2Цар. 23:24-24:25,Деяния 3:1-26,Пс. 122:1-4,Прит. 16:21-23
3Цар. 1:1-53,Деяния 4:1-37,Пс. 123:1-8,Прит. 16:24
3Цар. 2:1-3:2,Деяния 5:1-42,Пс. 124:1-5,Прит. 16:25
3Цар. 3:3-4:34,Деяния 6:1-15,Пс. 125:1-6,Прит. 16:26-27
3Цар. 5:1-6:38,Деяния 7:1-29,Пс. 126:1-5,Прит. 16:28-30
3Цар. 7:1-50,Деяния 7:30-50,Пс. 127:1-6,Прит. 16:31-33
3Цар. 8:1-66,Деяния 7:51-8:13,Пс. 128:1-8,Прит. 17:01
3Цар. 9:1-10:29,Деяния 8:14-40,Пс. 129:1-8,Прит. 17:2-3
3Цар. 11:1-12:19,Деяния 9:1-25,Пс. 130:1-3,Прит. 17:4-5
3Цар. 12:20-13:34,Деяния 9:26-43,Пс. 131:1-18,Прит. 17:06
3Цар. 14:1-15:24,Деяния 10:1-23,Пс. 132:1-3,Прит. 17:7-8
3Цар. 15:25-17:24,Деяния 10:24-48,Пс. 133:1-3,Прит. 17:9-11
3Цар. 18:1-46,Деяния 11:1-30,Пс. 134:1-21,Прит. 17:12-13
3Цар. 19:1-21,Деяния 12:1-23,Пс. 135:1-26,Прит. 17:14-15
3Цар. 20:1-21:29,Деяния 12:24-13:15,Пс. 136:1-9,Прит. 17:16
3Цар. 22:1-53,Деяния 13:16-41,Пс. 137:1-8,Прит. 17:17-18
4Цар. 1:1-2:25,Деяния 13:42-14:7,Пс. 138:1-24,Прит. 17:19-21
4Цар. 3:1-4:17,Деяния 14:8-28,Пс. 139:1-13,Прит. 17:22
4Цар. 4:18-5:27,Деяния 15:1-35,Пс. 140:1-10,Прит. 17:23
4Цар. 6:1-7:20,Деяния 15:36-16:15,Пс. 141:1-7,Прит. 17:24-25
4Цар. 8:1-9:13,Деяния 16:16-40,Пс. 142:1-12,Прит. 17:26
4Цар. 9:14-10:31,Деяния 17:1-34,Пс. 143:1-15,Прит. 17:27-28
4Цар. 10:32-12:21,Деяния 18:1-22,Пс. 144:1-21,Прит. 18:01
4Цар. 13:1-14:29,Деяния 18:23-19:12,Пс. 145:1-10,Прит. 18:2-3
4Цар. 15:1-16:20,Деяния 19:13-41,Пс. 146:1-147:9,Прит. 18:4-5
4Цар. 17:1-18:12,Деяния 20:1-38,Пс. 148:1-14,Прит. 18:6-7
4Цар. 18:13-19:37,Деяния 21:1-17,Пс. 149:1-9,Прит. 18:08
4Цар. 20:1-22:2,Деяния 21:18-36,Пс. 150:1-6,Прит. 18:9-10
4Цар. 22:3-23:30,Деяния 21:37-22:16,Пс. 1:1-6,Прит. 18:11-12
4Цар. 23:31-25:30,Деяния 22:17-23:10,Пс. 2:1-12,Прит. 18:13
1Пар. 1:1-2:17,Деяния 23:11-35,Пс. 3:1-8,Прит. 18:14-15
1Пар. 2:18-4:4,Деяния 24:1-27,Пс. 4:1-8,Прит. 18:16-18
1Пар. 4:5-5:17,Деяния 25:1-27,Пс. 5:1-12,Прит. 18:19
1Пар. 5:18-6:81,Деяния 26:1-32,Пс. 6:1-10,Прит. 18:20-21
1Пар. 7:1-8:40,Деяния 27:1-20,Пс. 7:1-17,Прит. 18:22
1Пар. 9:1-10:14,Деяния 27:21-44,Пс. 8:1-9,Прит. 18:23-24
1Пар. 11:1-12:18,Деяния 28:1-31,Пс. 9:1-12,Прит. 19:1-3
1Пар. 12:19-14:17,Рим. 1:1-17,Пс. 9:13-20,Прит. 19:4-5
1Пар. 15:1-16:36,Рим. 1:18-32,Пс. 9:21-36,Прит. 19:6-7
1Пар. 6:37-18:17,Рим. 2:1-24,Пс. 9:37-39,Прит. 19:8-9
1Пар. 19:1-21:30,Рим. 2:25-3:8,Пс. 10:1-7,Прит. 19:10-12
1Пар. 22:1-23:32,Рим. 3:9-31,Пс. 11:1-8,Прит. 19:13-14
1Пар. 24:1-26:11,Рим. 4:1-12,Пс. 12:1-6,Прит. 19:15-16
1Пар. 26:12-27:34,Рим. 4:13-5:5,Пс. 13:1-7,Прит. 19:17
1Пар. 28:1-29:30,Рим. 5:6-21,Пс. 14:1-5,Прит. 19:18-19
2Пар. 1:1-3:17,Рим. 6:1-23,Пс. 15:1-11,Прит. 19:20-21
2Пар. 4:1-6:11,Рим. 7:1-13,Пс. 16:1-15,Прит. 19:22-23
2Пар. 6:12-8:10,Рим. 7:14-8:8,Пс. 17:1-15,Прит. 19:24-25
2Пар. 8:11-10:19,Рим. 8:9-25,Пс. 17:16-36,Прит. 19:26
2Пар. 11:1-13:22,Рим. 8:26-39,Пс. 17:37-50,Прит. 19:27-29
2Пар. 14:1-16:14,Рим. 9:1-24,Пс. 18:1-14,Прит. 20:1
2Пар. 17:1-18:34,Рим. 9:25-10:13,Пс. 19:1-9,Прит. 20:2-3
2Пар. 19:1-20:37,Рим. 10:14-11:12,Пс. 20:1-14,Прит. 20:4-6
2Пар. 21:1-23:21,Рим. 11:13-36,Пс. 21:1-18,Прит. 20:07
2Пар. 24:1-25:28,Рим. 12:1-21,Пс. 21:19-32,Прит. 20:8-10
2Пар. 26:1-28:27,Рим. 13:1-14,Пс. 22:1-6,Прит. 20:11
2Пар. 29:1-36,Рим. 14:1-23,Пс. 23:1-10,Прит. 20:12
2Пар. 30:1-31:21,Рим. 15:1-22,Пс. 24:1-15,Прит. 20:13-15
2Пар. 32:1-33:13,Рим. 15:23-16:9,Пс. 24:16-22,Прит. 20:16-18
2Пар. 33:14-34:33,Рим. 16:10-27,Пс. 25:1-12,Прит. 20:19
2Пар. 35:1-36:23,1Кор. 1:1-17,Пс. 26:1-6,Прит. 20:20-21
Ездра 1:1-2:70,1Кор. 1:18-2:5,Пс. 26:7-14,Прит. 20:22-23
Ездра 3:1-4:23,1Кор. 2:6-3:4,Пс. 27:1-9,Прит. 20:24-25
Ездра 4:24-6:22,1Кор. 3:5-23,Пс. 28:1-11,Прит. 20:26-27
Ездра 7:1-8:20,1Кор. 4:1-21,Пс. 29:1-12,Прит. 20:28-30
Ездра 8:21-9:15,1Кор. 5:1-13,Пс. 30:1-8,Прит. 21:1-2
Ездра 10:1-44,1Кор. 6:1-20,Пс. 30:9-18,Прит. 21:03
Неемия 1:1-3:14,1Кор. 7:1-24,Пс. 30:19-24,Прит. 21:04
Неемия 3:15-5:13,1Кор. 7:25-40,Пс. 31:1-11,Прит. 21:5-7
Неемия 5:14-7:73,1Кор. 8:1-13,Пс. 32:1-11,Прит. 21:8-10
Неемия 7:73-9:21,1Кор. 9:1-18,Пс. 32:12-22,Прит. 21:11-12
Неемия 9:22-10:39,1Кор. 9:19-10:13,Пс. 33:1-10,Прит. 21:13
Неемия 11:1-12:26,1Кор. 10:14-33,Пс. 33:11-22,Прит. 21:14-16
Неемия 12:27-13:31,1Кор. 11:1-16,Пс. 34:1-16,Прит. 21:17-18
Есфирь 1:1-3:15,1Кор. 11:17-34,Пс. 34:17-28,Прит. 21:19-20
Есфирь 4:1-7:10,1Кор. 12:1-26,Пс. 35:1-12,Прит. 21:21-22
Есфирь 8:1-10:3,1Кор. 12:27-13:13,Пс. 36:1-11,Прит. 21:23-24
Иов 1:1-3:26,1Кор. 14:1-17,Пс. 36:12-29,Прит. 21:25-26
Иов 4:1-7:21,1Кор. 14:18-40,Пс. 36:30-40,Прит. 21:27
Иов 8:1-11:20,1Кор. 15:1-28,Пс. 37:1-22,Прит. 21:28-29
Иов 12:1-15:35,1Кор. 15:29-58,Пс. 38:1-13,Прит. 21:30-31
Иов 16:1-19:29,1Кор. 16:1-24,Пс. 39:1-10,Прит. 22:1
Иов 20:1-22:30,2Кор. 1:1-11,Пс. 39:11-17,Прит. 22:2-4
Иов 23:1-27:23,2Кор. 1:12-2:11,Пс. 40:1-13,Прит. 22:5-6
Иов 28:1-30:31,2Кор. 2:12-17,Пс. 41:1-11,Прит. 22:7
Иов 31:1-33:33,2Кор. 3:1-18,Пс. 42:1-5,Прит. 22:8-9
Иов 34:1-36:33,2Кор. 4:1-12,Пс. 43:1-9,Прит. 22:10-12
Иов 37:1-39:30,2Кор. 4:13-5:10,Пс. 43:10-26,Прит. 22:13
Иов 40:1-42:17,2Кор. 5:11-21,Пс. 44:1-18,Прит. 22:14
Еккл. 1:1-3:22,2Кор. 6:1-13,Пс. 45:1-12,Прит. 22:15
Еккл. 4:1-6:12,2Кор. 6:14-7:7,Пс. 46:1-10,Прит. 22:16
Еккл. 7:1-9:18,2Кор. 7:8-16,Пс. 47:1-15,Прит. 22:17-19
Еккл. 10:1-12:14,2Кор. 8:1-15,Пс. 48:1-21,Прит. 22:20-21
Песн. 1:1-4:16,2Кор. 8:16-24,Пс. 49:1-23,Прит. 22:22-23
Песн. 5:1-8:14,2Кор. 9:1-15,Пс. 50:1-21,Прит. 22:24-25
Исаия 1:1-2:22,2Кор. 10:1-18,Пс. 51:1-11,Прит. 22:26-27
Исаия 3:1-5:30,2Кор. 11:1-15,Пс. 52:1-7,Прит. 22:28-29
Исаия 6:1-7:25,2Кор. 11:16-33,Пс. 53:1-9,Прит. 23:1-3
Исаия 8:1-9:21,2Кор. 12:1-10,Пс. 54:1-24,Прит. 23:4-5
Исаия 10:1-11:16,2Кор. 12:11-21,Пс. 55:1-14,Прит. 23:6-8
Исаия 12:1-14:32,2Кор. 13:1-14,Пс. 56:1-12,Прит. 23:9-11
Исаия 15:1-18:7,Гал. 1:1-24,Пс. 57:1-12,Прит. 23:12
Исаия 19:1-21:17,Гал. 2:1-16,Пс. 58:1-18,Прит. 23.13-14
Исаия 22:1-24:23,Гал. 2:17-3:9,Пс. 59:1-14,Прит. 23:15-16
Исаия 25:1-28:13,Гал. 3:10-22,Пс. 60:1-9,Прит. 23:17-18
Исаия 28:14-30:11,Гал. 3:23-4:31,Пс. 61:1-13,Прит. 23:19-21
Исаия 30:12-33:9,Гал. 5:1-12,Пс. 62:1-12,Прит. 23:22
Исаия 33:10-36:22,Гал. 5:13-26,Пс. 63:1-11,Прит. 23:23
Исаия 37:1-38:22,Гал. 6:1-18,Пс. 64:1-14,Прит. 23:24
Исаия 39:1-41:16,Еф. 1:1-23,Пс. 65:1-20,Прит. 23:25-28
Исаия 41:17-43:13,Еф. 2:1-22,Пс. 66:1-8,Прит. 23:29-35
Исаия 43:14-45:10,Еф. 3:1-21,Пс. 67:1-19,Прит. 24:1-2
Исаия 45:11-48:11,Еф. 4:1-16,Пс. 67:20-36,Прит. 24:3-4
Исаия 48:12-50:11,Еф. 4:17-32,Пс. 68:1-19,Прит. 24:5-6
Исаия 51:1-53:12,Еф. 5:1-33,Пс. 68:20-37,Прит. 24:7
Исаия 54:1-57:14,Еф. 6:1-24,Пс. 69:1-6,Прит. 24:8
Исаия 57:15-59:21,Флп. 1:1-26,Пс. 70:1-24,Прит. 24:9-10
Исаия 60:1-62:5,Флп. 1:27-2:18,Пс. 71:1-20,Прит. 24:11-12
Исаия 62:6-65:25,Флп. 2:19-3:3,Пс. 72:1-28,Прит. 24:13-14
Исаия 66:1-24 02,Флп. 3:4-21,Пс. 73:1-23,Прит. 24:15-16
Иер. 1:1-2:30,Флп. 4:1-23,Пс. 74:1-11,Прит. 24:17-20
Иер. 2:31-4:18,Кол. 1:1-17,Пс. 75:1-13,Прит. 24:21-22
Иер. 4:19-6:15,Кол. 1:18-2:7,Пс. 76:1-21,Прит. 24:23-25
Иер. 6:16-8:7,Кол. 2:8-23,Пс. 77:1-31,Прит. 24:26
Иер. 8:8-9:26,Кол. 3:1-17,Пс. 77:32-55,Прит. 24:27
Иер. 10:1-11:23,Кол. 3:18-4:18,Пс. 77:56-72,Прит. 24:28-29
Иер. 12:1-14:10,1Фес. 1:1-2:8,Пс. 78:1-13,Прит. 24:30-34
Иер. 14:11-16:15,1Фес. 2:9-3:13,Пс. 79:1-19,Прит. 25:1-5
Иер. 16:16-18:23,1Фес. 4:1-5:3,Пс. 80:1-17,Прит. 25:6-8
Иер. 19:1-21:14,1Фес. 5:4-28,Пс. 81:1-8,Прит. 25:9-10
Иер. 22:1-23:20,2Фес. 1:1-12,Пс. 82:1-18,Прит. 25:11-14
Иер. 23:21-25:38,2Фес. 2:1-17,Пс. 83:1-13,Прит. 25:15
Иер. 26:1-27,2Фес. 3:1-18,Пс. 84:1-14,Прит. 25:16
Иер. 28:1-29:32,1Тим. 1:1-20,Пс. 85:1-17,Прит. 25:17
Иер. 30:1-31:26,1Тим. 2:1-15,Пс. 86:1-7,Прит. 25:18-19
Иер. 31:27-32:44,1Тим. 3:1-16,Пс. 87:1-18,Прит. 25:20-22
Иер. 33:1-34:22,1Тим. 4:1-16,Пс. 88:1-14,Прит. 25:23-24
Иер. 35:1-36:32,1Тим. 5:1-25,Пс. 88:14-37,Прит. 25:25-27
Иер. 37:1-38:28,1Тим. 6:1-21,Пс. 88:38-52,Прит. 25:28
Иер. 39:1-41:18,2Тим. 1:1-18,Пс. 89:1-91:16,Прит. 26:1-2
Иер. 42:1-44:23,2Тим. 2:1-21,Пс. 91:1-92,Прит. 26:3-5
Иер. 44:24-47:7,2Тим. 2:22-3:17,Пс. 93:1-23,Прит. 26:6-8
Иер. 48:1-49:22,2Тим. 4:1-22,Пс. 94:1-95:13,Прит. 26:9-12
Иер. 49:23-50:46,Титу 1:1-16,Пс. 96:1-97:9,Прит. 26:13-16
Иер. 51:1-53,Титу 2:1-15,Пс. 98:1-9,Прит. 26:17
Иер. 51:54-52:34,Титу 3:1-15,Пс. 99:1-5,Прит. 26:18-19
Пл.Иер. 1:1-2:22,Филимону 1:1-25,Пс. 100:1-8,Прит. 26:20
Пл.Иер. 3:1-66,Евреям 1:1-14,Пс. 101:1-29,Прит. 26:21-22
Пл.Иер. 4:1-5:22,Евреям 2:1-18,Пс. 102:1-22,Прит. 26:23
Иез. 1:1-3:15,Евреям 3:1-19,Пс. 103:1-23,Прит. 26:24-26
Иез. 3:16-6:14,Евреям 4:1-16,Пс. 103:24-35,Прит. 26:27
Иез. 7:1-9:11,Евреям 5:1-14,Пс. 104:1-15,Прит. 26:28
Иез. 10:1-11:25,Евреям 6:1-20,Пс. 104:16-36,Прит. 27:1-2
Иез. 12:1-14:11,Евреям 7:1-17,Пс. 104:37-45,Прит. 27:3
Иез. 14:12-16:41,Евреям 7:18-28,Пс. 105:1-12,Прит. 27:4-6
Иез. 16:42-17:24,Евреям 8:1-13,Пс. 105:13-31,Прит. 27:7-9
Иез. 18:1-19:14,Евреям 9:1-10,Пс. 105:32-48,Прит. 27:10
Иез. 20:1-49,Евреям 9:11-28,Пс. 106:1-43,Прит. 27:11
Иез. 21:1-22:31,Евреям 10:1-17,Пс. 107:1-13,Прит. 27:12
Иез. 23:1-49,Евреям 10:18-39,Пс. 108:1-31,Прит. 27:13
Иез. 24:1-26:21,Евреям 11:1-16,Пс. 109:1-7,Прит. 27:14
Иез. 27:1-28:26,Евреям 11:17-31,Пс. 110:1-10,Прит. 27:15-16
Иез. 29:1-30:26,Евреям 11:32-12:13,Пс. 111:1-10,Прит. 27:17
Иез. 31:1-32:32,Евреям 12:14-29,Пс. 112:1-113:8,Прит. 27:18-20
Иез. 33:1-34:31,Евреям 13:1-25,Пс. 114:1-18,Прит. 27:21-22
Иез. 35:1-36:38,Иакова 1:1-18,Пс. 115:1-19,Прит. 27:23-27
Иез. 37:1-38:23,Иакова 1:19-2:17,Пс. 116:1-2,Прит. 28:1
Иез. 39:1-40:27,Иакова 2:18-3:18,Пс. 117:1-18,Прит. 28:2
Иез. 40:28-41:26,Иакова 4:1-17,Пс. 117:19-29,Прит. 28:3-5
Иез. 42:1-43:27,Иакова 5:1-20,Пс. 118:1-16,Прит. 28:6-7
Иез. 44:1-45:12,1Петра 1:1-12,Пс. 118:17-32,Прит. 28:8-10
Иез. 45:13-46:24,1Петра 1:13-2:10,Пс. 118:33-48,Прит. 28:11
Иез. 47:1-48:35,1Петра 2:11-3:7,Пс. 118:49-64,Прит. 28:12-13
Дан. 1:1-2:23,1Петра 3:8-4:6,Пс. 118:65-80,Прит. 28:14
Дан. 2:24-3:30,1Петра 4:7-5:14,Пс. 118:81-96,Прит. 28:15-16
Дан. 4:1-37,2Петра 1:1-21,Пс. 118:97-112,Прит. 28:17-18
Дан. 5:1-31,2Петра 2:1-22,Пс. 118:113-128,Прит. 28:19-20
Дан. 6:1-28,2Петра 3:1-18,Пс. 118:129-152,Прит. 28:21-22
Дан. 7:1-28,1Иоанна 1:1-10,Пс. 118:153-176,Прит. 28:23-24
Дан. 8:1-27,1Иоанна 2:1-17,Пс. 119:1-7,Прит. 28:25-26
Дан. 9:1-11:1,1Иоанна 2:18-3:6,Пс. 120:1-8,Прит. 28:27-28
Дан. 11:2-35,1Иоанна 3:7-24,Пс. 121:1-9,Прит. 29:1
Дан. 11:36-12:13,1Иоанна 4:1-21,Пс. 122:1-4,Прит. 29:2-4
Осия 1:1-3:5,1Иоанна 5:1-21,Пс. 123:1-8,Прит. 29:5-8
Осия 4:1-5:15,2Иоанна 1:1-13,Пс. 124:1-5,Прит. 29:9-11
Осия 6:1-9:17,3Иоанна 1:1-15,Пс. 125:1-6,Прит. 29:12-14
Осия 10:1-14:9,Иуды 1:1-25,Пс. 128:1-5,Прит. 29:15-17
Иоиль 1:1-3:21,Откр. 1:1-20,Пс. 127:1-6,Прит. 29:18
Амос 1:1-3:15,Откр. 2:1-17,Пс. 128:1-8,Прит. 29:19-20
Амос 4:1-6:14,Откр. 2:18-3:6,Пс. 129:1-8,Прит. 29:21-22
Aмос 7:1-9:15,Откр. 3:7-22,Пс. 130:1-3,Прит. 29:23
Авдий 1:1-21,Откр. 4:1-11,Пс. 131:1-18,Прит. 29:24-25
Иона 1:1-4:11,Откр. 5:1-14,Пс. 132:1-3,Прит. 29:26-27
Михей 1:1-4:13,Откр. 6:1-17,Пс. 133:1-3,Прит. 30:1-4
Михей 5:1-7:20,Откр. 7:1-17,Пс. 134:1-21,Прит. 30:5-6
Наум 1:1-3:19,Откр. 8:1-13,Пс. 135:1-26,Прит. 30:7-9
Аввакум 1:1-3:19,Откр. 9:1-21,Пс. 136:1-9,Прит. 30:10
Софония 1:1-3:20,Откр. 10:1-11,Пс. 137:1-8,Прит. 30:11-14
Аггей 1:1-2:23,Откр. 11:1-19,Пс. 138:1-24,Прит. 30:15-16
Зах. 1:1-21,Откр. 12:1-17,Пс. 139:1-13,Прит. 30:17
Зах. 2:1-3:10,Откр. 13:1-13:18,Пс. 140:1-10,Прит. 30:18-20
Зах. 4:1-5:11,Откр. 14:1-20,Пс. 141:1-7,Прит. 30:21-23
Зах. 6:1-7:14,Откр. 15:1-8,Пс. 142:1-12,Прит. 30:24-28
Зах. 8:1-23,Откр. 16:1-21,Пс. 143:1-15,Прит. 30:29-31
Зах. 9:1-17,Откр. 17:1-18,Пс. 144:1-21,Прит. 30:32
Зах. 10:1-11:17,Откр. 18:1-24,Пс. 145:1-10,Прит. 30:33
Зах. 12:1-13:9,Откр. 19:1-21,Пс. 146:1-147:9,Прит. 31:1-7
Зах. 14:1-21,Откр. 20:1-15,Пс. 148:1-14,Прит. 31:8-9
Малахия 1:1-2:17,Откр. 21:1-27,Пс. 149:1-9,Прит. 31:10-24
Малахия 3:1-4:6,Откр. 22:1-21,Пс. 150:1-6,Прит. 31:25-31
